Date,BSOL,VSOL,FSOL,TSOL,SOEZ,MSOL,GSOL,Total
Seed,222.9,7.3,3.0,111.0,2.4,,,449.3
14 Sep 2026,7.1,0.0,0.0,0.0,0.0,0.0,3.9,11.0
15 Sep 2026,1.3,0.0,0.0,0.0,0.0,0.0,0.0,1.3
16 Sep 2026,2.7,0.0,0.0,0.0,0.0,0.0,-1.9,0.8
17 Sep 2026,0.0,0.0,0.0,0.0,0.0,0.0,0.0,0.0
18 Sep 2026,47.6,,,0.0,0.0,0.0,0.0,47.6
21 Sep 2026,14.4,0.0,2.1,0.1,1.0,0.6,7.8,26.0
22 Sep 2026,26.4,0.0,0.7,0.0,0.0,0.0,1.8,28.9
23 Sep 2026,3.9,1.5,6.7,0.0,0.0,1.6,0.0,13.7
24 Sep 2026,28.0,0.0,4.8,0.0,0.0,0.0,0.0,32.8
25 Sep 2026,55.7,3.3,3.2,0.0,0.0,6.0,18.5,86.7
28 Sep 2026,9.7,-2.0,0.0,0.0,0.0,0.0,0.0,7.7
29 Sep 2026,5.7,-1.6,0.0,0.0,0.0,1.3,0.0,5.4
30 Sep 2026,,,,,0.0,-3.2,0.0,-3.2
